,add-trailing-comma,isort,pre-commit-hooks,pydocstyle,codespell,yamllint,flake8,mypy,pylint,pyupgrade,black,blacken-docs,pyproject-flake8,pygrep-hooks,Changelog,yesqa,pre-commit-hooks-markup,licenseheaders,prettier,tools/git_hooks/spec_linter.py,bandit,commitizen,yapf,seed-isort-config,docformatter,mdformat,cspell-cli,check-jsonschema,doc8,python3.9,pip-tools,find-trailing-comma,doctoc,flynt,autoflake,docker/lint.sh,commitlint-pre-commit-hook,nbstripout,setup-cfg-fmt,reorder_python_imports,autopep8,changelog,markdownlint-cli,cfn-python-lint,unify,clang-format,rstcheck,(?i)(doi:|dx\.doi\.org|http://doi\.org),teyit,pre-commit-rust,prospector,scripts/run-isort,./tests/build-workflows.py,tests/build-init-files.py,cppcheck,./scripts/format,darker,check-manifest,pre-commit-pytype,absolufy-imports,language-formatters-pre-commit-hooks,black_nbconvert,pre-commit-hooks-trbs,eslint,./pre-commit,pre-commit-cpp,jupytext,shellcheck-py,circleci-cli-py,bash,ufmt,pyright,make,shfmt,ggshield,pre-commit-stylelint,pre-commit,vulture,python-typing-update,script/run-in-env.sh,git-hooks,beautysh,dvc,\]\]\(,http:,"\S+\s{2,}",django-upgrade,sphinx-lint,pycln,tox-ini-fmt,nbQA,darglint,fix-byte-order-marker,scripts/check_doc_requirements.py,ci/check_embedded_chart_code.py,chartpress,hadolint,bashate,check_requirements,./frontend/node_modules/eslint/bin/eslint.js,slotscheck,pip-compile-multi,rst-lint,sphinx-build,ci/requirements.py,pep585-upgrade,gitlint,./scripts/check-torchdist.py,tools.create_reqs_all,import-linter,pytest,codemods,nixpkgs-fmt,markdownlint,.dev_scripts/github/update_model_index.py,.dev/md2yml.py,custom_pre_commit/check_doc.py,detect-secrets,./.copyright.hook,./tools/codestyle/copyright.hook,.hooks/copyright.hook,reorder-python-imports,cpplint,flake8-rst,hadolint-py,tools.static_word_checks,docstrfmt,shellcheck-precommit,check-pipfile-lock,scripts.check_pre_commit_rev_in_example,blackdoc,cff-converter-python,pyroma,interrogate,copyright_notice_precommit,black-disable-checker,pydocstringformatter,madforhooks,scripts/check_all_tests_are_covered.py,PyBind|Numpy|Cmake|Github|PyTest,NEWS,shed,pre-commit-hook-yamlfmt,actionlint,pre-commit-xenon,blue,./ci/format.py,sh,pip-tools-compile-impersonate,.pre-commit-hooks/check-changelog-entries.py,pre-commit-remove-import-headers,salt-rewrite,invoke-pre-commit,nox,relint,nbqa,conventional-pre-commit,zimports,./virtualenv/bin/python,./pre-commit.sh,pre-commit-alex,tox,rm_unneeded_f_str,found,./scripts/validate_filenames.py,poetry,lint,jupyter,djhtml,pyproject-fmt,tryceratops,detect-secrets-hook,paasta_tools/contrib/mock_patch_checker.py,./scripts/ci/pre_commit/pre_commit_replace_bad_characters.py,pre-commit-mirrors-pydocstyle,pre-commit-hooks-lxml,./tests/check_sql_statements.py,.github/utils/pydoc-markdown.sh,sops-pre-commit,nonemoji,tests/check-debug.sh,editorconfig-checker.python,djLint,./scripts/flake8_line_length.py,./misc/pin_github_actions.py,sync_with_poetry,generator/test_generator.py,.github/utils/pydoc-markdown.py,.pre-commit-hooks/sort-coins-file.py,pre-commit-populate-pylint-requirements,flake8-markdown,custom_pre_commit/check_reserved_args.py,autoflake8,pre-commit-buildifier,!NVIDIA-INTERNAL,./scripts/run_in_subdirectory.py,WIP,pipenv-setup,scripts/run-autoflake,tools/manage_clvm.py,validate-pyproject,refurb,pyright-python,.copyright.hook,cython-lint,cfn-lint,setup.py,.pfnci/generate.py,fiximports,ruff,protolint,pre-commit-renovate,tools/format_docs_code.py,auto-walrus,buildutils.constants,src/ansiblelint/schemas/__main__.py,./ci/clean_notebooks.py,Flake8-pyproject,ci/license.py,dev/black.sh,gitleaks,.github/hooks/pre-commit.sh,semgrep,./scripts/ci/pre_commit/pre_commit_update_common_sql_api_stubs.py,pre-commit-cbfmt,-m,pre-commit-hooks-bandit,clean_notebook,check-json5,check:fix-byte-order-marker,website/next-lint.js,flakeheaven,sort-all,bin/build_js_bundle.py,cargo,.dev_scripts/check_metafile.py,scripts/check_commit_message,python-tools-scripts,reuse-tool,pip,blocklint,pre-commit-django-check-migrations,./scripts/check-license.py,head_of_apache,tools/generate_pyproject.toml.py,curlylint,black-nb,merge-issue-number-hook,flake8-dunder-all,./scripts/check-torchcuda.py,markdownlint-cli2,.dev/update_model_index.py,cmake-format-precommit,pyscript-prettier-precommit,docs/abstractions.py,cblack,nb-clean,removestar,python,cpp,dev:fmt,licenses/update_license.py,tools/chialispp.py,manage-mypy.py,golangci-lint,tools/codeformat.py,nerfstudio/scripts/licensing/license_headers.sh,./scripts/make_check.sh,pre-commit-terraform,./tools/assert-license-headers,conventional-precommit-linter,unasyncd,trufflehog,.dev_scripts/update_model_index.py,hacking,vermin,lint-py,lint-js,pdm,buf,./tools/typings,./tools/mypy,pyink,tools/pypi_readme.py,typos,pre-commit-clojure,./tools/assert-model-table-latest.py,python3,cercis,./scripts/check-import-linter-config.sh,lint-hook,pyre,dev/ruff.py,./tools/update_dataset_suffix.py,toml-sort,numpydoc,tools/generate_requirements.py,brunette,nexus/scripts/pre-commit-hooks/run-go-generate.sh,scripts/lint-pre-commit.sh,scripts/static-pre-commit.sh,scripts/build-docs-pre-commit.sh,git,cookie,tools/check_for_datafiles.py,tools/verifygitlog.py,print,ansible-lint,StyLua,luacheck,./utils/linting/check_file_header.py,pydoclint,sourcery,deptry,ssort,lint-imports,PyBind|Numpy|Cmake|CCache|Github|PyTest,rpmlint,./strip_whitespace.sh,airbyte-ci,ci/lint/check-docstyle.sh,ci/lint/check_import_order.py,core/scripts/pre-commit-hooks/run-go-generate.sh,./scripts/ci/pre_commit/pre_commit_validate_operators_init.py,oxipng,helm-docs,scripts/pyi_generator.py,"^(break|build|ci|docs|feat|fix|perf|refactor|style|test|ops|hotfix|release|maint|init|enh|revert)\([\w,\.,\-,\(,\),\/]+\)(!?)(:)\s{1}([\w,\W,:]+)",ci_cd/check_files_match.py,scripts/check-cmk-namespace,validate-pyproject-schema-store,hatch-static-analysis:fix-byte-order-marker,./scripts/check-extraindexurl.py,scripts/run-in-env.sh,./dev/format.sh,tools/check_docstrings.py,chia/_tests/build-init-files.py,uv-pre-commit,vale,nbdev,scripts/make_pyi.py,./run_alembic_check.sh,eradicate,pre-commit-hooks-safety,./scripts/ci/pre_commit/update_common_sql_api_stubs.py,./scripts/ci/pre_commit/validate_operators_init.py,just,pre-commit-shfmt,sphinx,action_files/imports_with_code.py,run_pytest.py,bibfmt,./.github/check_links.py,prettier-pre-commit,taplo-pre-commit,./scripts/i18n-messages,npx,alembic,find,./scripts/detect_missing_i18n.py,./scripts/generate_mintlify_openapi_docs.py,--poetry,scripts/format_json.py,cmd.exe,./tools/compare_configs.py,scripts/codestyle/check_spaces.py
2022-06-01,11,280,351,22,62,17,324,113,31,154,355,35,5.0,33,1,25,4,2.0,40,1.0,17,5,47,8,28,21,1,8,10,1.0,2,1.0,4,4,22,1,2,8,18,35,12,2,5,2.0,1.0,5,4,1,1,2,1.0,1.0,1.0,1.0,1,1,3,9,1.0,4,5,1.0,1.0,12,1.0,2.0,3,10,1,15,8,8,5,1,1,4,5,3,1,1,1,3,1,1.0,1.0,1.0,2,3,12,4,8,2,1.0,1.0,1,1,1,1,1.0,1.0,2,7,3,1.0,1,1.0,4,1,1.0,2,2,1.0,1,4.0,1.0,1.0,1.0,2,5,1.0,1.0,1.0,1,1.0,1,1.0,1.0,1,1.0,1,1,1.0,1,2,1,1,1,1,1,1,2,1,2,1,1,1.0,1.0,1,1,1.0,1,1,1.0,1,1,1.0,1.0,3,1.0,1,1,1.0,1,1.0,1,2,1,1,1,1,1,1.0,1,0.0,0.0,0.0,0.0,0.0,0.0,0.0,0.0,0.0,0.0,0.0,0.0,0.0,0.0,0.0,0.0,0.0,0.0,0.0,0.0,0.0,0.0,0.0,0.0,0.0,0.0,0.0,0.0,0.0,0.0,0.0,0.0,0.0,0.0,0.0,0.0,0.0,0.0,0.0,0.0,0.0,0.0,0.0,0.0,0.0,0.0,0.0,0.0,0.0,0.0,0.0,0.0,0.0,0.0,0.0,0.0,0.0,0.0,0.0,0.0,0.0,0.0,0.0,0.0,0.0,0.0,0.0,0.0,0.0,0.0,0.0,0.0,0.0,0.0,0.0,0.0,0.0,0.0,0.0,0.0,0.0,0.0,0.0,0.0,0.0,0.0,0.0,0.0,0.0,0.0,0.0,0.0,0.0,0.0,0.0,0.0,0.0,0.0,0.0,0.0,0.0,0.0,0.0,0.0,0.0,0.0,0.0,0.0,0.0,0.0,0.0,0.0,0.0,0.0,0.0,0.0,0.0,0.0,0.0,0.0,0.0,0.0,0.0,0.0,0.0,0.0,0.0,0.0,0.0,0.0,0.0,0.0,0.0,0.0,0.0,0.0,0.0,0.0,0.0,0.0,0.0,0.0,0.0,0.0,0.0,0.0,0.0,0.0,0.0,0.0,0.0,0.0,0.0,0.0,0.0,0.0,0.0,0.0,0.0,0.0,0.0,0.0,0.0,0.0,0.0,0.0,0.0,0.0,0.0,0.0,0.0,0.0,0.0,0.0,0.0,0.0,0.0,0.0,0.0,0.0,0.0,0.0,0.0,0.0,0.0,0.0,0.0,0.0,0.0,0.0,0.0,0.0,0.0
2022-07-01,14,286,375,23,64,17,340,112,38,161,371,37,5.0,31,1,24,4,2.0,37,1.0,17,5,48,8,29,22,1,8,11,1.0,2,1.0,4,5,18,1,1,9,16,38,14,2,6,2.0,0.0,5,4,1,2,3,2.0,1.0,0.0,1.0,1,1,3,8,1.0,5,5,1.0,1.0,12,1.0,2.0,3,9,1,15,8,9,5,1,1,4,5,3,1,1,1,3,1,1.0,0.0,0.0,2,3,12,3,8,2,1.0,1.0,1,1,1,1,1.0,1.0,2,9,4,1.0,1,1.0,4,1,1.0,2,3,1.0,1,3.0,0.0,1.0,1.0,2,5,1.0,1.0,0.0,1,0.0,1,1.0,1.0,1,1.0,1,1,1.0,2,2,1,1,1,1,1,1,2,1,1,1,1,1.0,1.0,1,1,1.0,1,1,1.0,1,1,1.0,1.0,3,1.0,1,1,1.0,1,0.0,1,2,1,1,1,1,1,1.0,1,1.0,1.0,1.0,1.0,1.0,1.0,1.0,1.0,1.0,1.0,1.0,1.0,0.0,0.0,0.0,0.0,0.0,0.0,0.0,0.0,0.0,0.0,0.0,0.0,0.0,0.0,0.0,0.0,0.0,0.0,0.0,0.0,0.0,0.0,0.0,0.0,0.0,0.0,0.0,0.0,0.0,0.0,0.0,0.0,0.0,0.0,0.0,0.0,0.0,0.0,0.0,0.0,0.0,0.0,0.0,0.0,0.0,0.0,0.0,0.0,0.0,0.0,0.0,0.0,0.0,0.0,0.0,0.0,0.0,0.0,0.0,0.0,0.0,0.0,0.0,0.0,0.0,0.0,0.0,0.0,0.0,0.0,0.0,0.0,0.0,0.0,0.0,0.0,0.0,0.0,0.0,0.0,0.0,0.0,0.0,0.0,0.0,0.0,0.0,0.0,0.0,0.0,0.0,0.0,0.0,0.0,0.0,0.0,0.0,0.0,0.0,0.0,0.0,0.0,0.0,0.0,0.0,0.0,0.0,0.0,0.0,0.0,0.0,0.0,0.0,0.0,0.0,0.0,0.0,0.0,0.0,0.0,0.0,0.0,0.0,0.0,0.0,0.0,0.0,0.0,0.0,0.0,0.0,0.0,0.0,0.0,0.0,0.0,0.0,0.0,0.0,0.0,0.0,0.0,0.0,0.0,0.0,0.0,0.0,0.0,0.0,0.0,0.0,0.0,0.0,0.0,0.0,0.0,0.0,0.0,0.0,0.0,0.0,0.0,0.0,0.0,0.0,0.0,0.0,0.0,0.0,0.0,0.0,0.0,0.0,0.0,0.0,0.0,0.0,0.0,0.0,0.0,0.0
2022-08-01,13,288,371,22,65,16,341,113,36,167,364,39,5.0,34,1,29,4,2.0,39,1.0,16,4,48,7,31,25,1,9,11,1.0,2,1.0,4,5,18,1,1,11,17,33,12,2,7,1.0,1.0,7,4,1,1,2,1.0,1.0,0.0,1.0,1,1,3,9,1.0,5,6,0.0,1.0,12,0.0,2.0,3,10,1,12,9,9,6,1,1,4,4,3,1,1,1,3,1,1.0,0.0,0.0,4,4,15,3,8,2,1.0,1.0,1,1,1,1,1.0,1.0,2,9,4,1.0,1,1.0,4,1,1.0,2,2,1.0,1,1.0,1.0,1.0,1.0,2,4,1.0,1.0,1.0,1,0.0,1,1.0,1.0,2,1.0,1,1,1.0,2,2,1,1,1,1,1,1,2,1,1,2,1,1.0,1.0,1,1,1.0,1,1,1.0,1,1,1.0,1.0,2,1.0,1,1,1.0,1,0.0,1,2,1,1,1,1,1,1.0,1,1.0,0.0,0.0,1.0,0.0,1.0,1.0,1.0,1.0,1.0,1.0,1.0,1.0,1.0,1.0,1.0,1.0,1.0,1.0,1.0,1.0,1.0,1.0,1.0,0.0,0.0,0.0,0.0,0.0,0.0,0.0,0.0,0.0,0.0,0.0,0.0,0.0,0.0,0.0,0.0,0.0,0.0,0.0,0.0,0.0,0.0,0.0,0.0,0.0,0.0,0.0,0.0,0.0,0.0,0.0,0.0,0.0,0.0,0.0,0.0,0.0,0.0,0.0,0.0,0.0,0.0,0.0,0.0,0.0,0.0,0.0,0.0,0.0,0.0,0.0,0.0,0.0,0.0,0.0,0.0,0.0,0.0,0.0,0.0,0.0,0.0,0.0,0.0,0.0,0.0,0.0,0.0,0.0,0.0,0.0,0.0,0.0,0.0,0.0,0.0,0.0,0.0,0.0,0.0,0.0,0.0,0.0,0.0,0.0,0.0,0.0,0.0,0.0,0.0,0.0,0.0,0.0,0.0,0.0,0.0,0.0,0.0,0.0,0.0,0.0,0.0,0.0,0.0,0.0,0.0,0.0,0.0,0.0,0.0,0.0,0.0,0.0,0.0,0.0,0.0,0.0,0.0,0.0,0.0,0.0,0.0,0.0,0.0,0.0,0.0,0.0,0.0,0.0,0.0,0.0,0.0,0.0,0.0,0.0,0.0,0.0,0.0,0.0,0.0,0.0,0.0,0.0,0.0,0.0,0.0,0.0,0.0,0.0,0.0,0.0,0.0,0.0,0.0,0.0,0.0,0.0,0.0,0.0,0.0,0.0,0.0,0.0,0.0,0.0,0.0,0.0,0.0,0.0
2022-09-01,12,283,369,21,67,16,333,112,37,165,355,33,4.0,27,1,28,3,2.0,44,1.0,16,5,51,8,30,26,1,9,10,1.0,2,1.0,4,5,14,1,2,10,17,33,14,2,5,2.0,1.0,7,4,1,1,2,1.0,0.0,0.0,1.0,1,1,2,8,1.0,5,5,1.0,1.0,12,0.0,2.0,4,11,1,14,8,9,6,1,1,4,5,3,1,1,1,3,1,0.0,0.0,0.0,3,3,14,4,9,2,1.0,1.0,1,1,1,1,1.0,1.0,2,8,4,1.0,1,1.0,2,1,1.0,2,2,1.0,1,1.0,1.0,1.0,1.0,2,3,1.0,1.0,0.0,1,0.0,1,1.0,1.0,2,1.0,1,1,1.0,2,2,1,1,1,1,1,1,2,1,1,2,1,1.0,1.0,1,1,1.0,1,1,1.0,1,1,1.0,0.0,3,1.0,1,1,1.0,1,0.0,1,1,1,1,1,1,1,1.0,1,1.0,0.0,0.0,1.0,0.0,1.0,1.0,1.0,1.0,1.0,1.0,0.0,1.0,1.0,0.0,0.0,0.0,1.0,1.0,1.0,1.0,1.0,1.0,1.0,1.0,1.0,1.0,1.0,1.0,1.0,1.0,1.0,0.0,0.0,0.0,0.0,0.0,0.0,0.0,0.0,0.0,0.0,0.0,0.0,0.0,0.0,0.0,0.0,0.0,0.0,0.0,0.0,0.0,0.0,0.0,0.0,0.0,0.0,0.0,0.0,0.0,0.0,0.0,0.0,0.0,0.0,0.0,0.0,0.0,0.0,0.0,0.0,0.0,0.0,0.0,0.0,0.0,0.0,0.0,0.0,0.0,0.0,0.0,0.0,0.0,0.0,0.0,0.0,0.0,0.0,0.0,0.0,0.0,0.0,0.0,0.0,0.0,0.0,0.0,0.0,0.0,0.0,0.0,0.0,0.0,0.0,0.0,0.0,0.0,0.0,0.0,0.0,0.0,0.0,0.0,0.0,0.0,0.0,0.0,0.0,0.0,0.0,0.0,0.0,0.0,0.0,0.0,0.0,0.0,0.0,0.0,0.0,0.0,0.0,0.0,0.0,0.0,0.0,0.0,0.0,0.0,0.0,0.0,0.0,0.0,0.0,0.0,0.0,0.0,0.0,0.0,0.0,0.0,0.0,0.0,0.0,0.0,0.0,0.0,0.0,0.0,0.0,0.0,0.0,0.0,0.0,0.0,0.0,0.0,0.0,0.0,0.0,0.0,0.0,0.0,0.0,0.0,0.0,0.0,0.0,0.0,0.0,0.0,0.0,0.0,0.0,0.0,0.0,0.0,0.0,0.0,0.0,0.0
2022-10-01,14,305,391,25,69,15,342,117,39,180,372,35,5.0,34,1,32,3,2.0,47,1.0,15,7,51,6,32,29,1,9,8,1.0,2,0.0,4,5,20,1,2,10,17,30,14,2,8,0.0,1.0,6,4,1,2,3,0.0,0.0,0.0,1.0,1,1,3,5,1.0,5,6,1.0,1.0,11,1.0,2.0,4,11,1,15,9,8,5,1,1,4,3,3,1,1,1,3,1,1.0,0.0,0.0,3,4,15,4,10,2,1.0,0.0,1,1,1,1,0.0,1.0,2,6,4,1.0,1,0.0,2,1,1.0,2,2,1.0,1,1.0,1.0,1.0,1.0,2,5,1.0,1.0,1.0,1,0.0,2,1.0,1.0,2,1.0,1,1,1.0,2,2,1,2,2,1,1,1,2,1,1,2,1,1.0,1.0,1,1,1.0,1,1,1.0,1,1,1.0,1.0,3,1.0,1,1,1.0,1,0.0,1,5,1,1,1,2,1,1.0,1,1.0,0.0,0.0,1.0,0.0,1.0,1.0,1.0,1.0,1.0,1.0,0.0,1.0,1.0,0.0,0.0,0.0,1.0,1.0,1.0,1.0,1.0,1.0,0.0,1.0,1.0,1.0,3.0,1.0,2.0,1.0,1.0,1.0,1.0,1.0,1.0,1.0,1.0,1.0,2.0,1.0,1.0,0.0,0.0,0.0,0.0,0.0,0.0,0.0,0.0,0.0,0.0,0.0,0.0,0.0,0.0,0.0,0.0,0.0,0.0,0.0,0.0,0.0,0.0,0.0,0.0,0.0,0.0,0.0,0.0,0.0,0.0,0.0,0.0,0.0,0.0,0.0,0.0,0.0,0.0,0.0,0.0,0.0,0.0,0.0,0.0,0.0,0.0,0.0,0.0,0.0,0.0,0.0,0.0,0.0,0.0,0.0,0.0,0.0,0.0,0.0,0.0,0.0,0.0,0.0,0.0,0.0,0.0,0.0,0.0,0.0,0.0,0.0,0.0,0.0,0.0,0.0,0.0,0.0,0.0,0.0,0.0,0.0,0.0,0.0,0.0,0.0,0.0,0.0,0.0,0.0,0.0,0.0,0.0,0.0,0.0,0.0,0.0,0.0,0.0,0.0,0.0,0.0,0.0,0.0,0.0,0.0,0.0,0.0,0.0,0.0,0.0,0.0,0.0,0.0,0.0,0.0,0.0,0.0,0.0,0.0,0.0,0.0,0.0,0.0,0.0,0.0,0.0,0.0,0.0,0.0,0.0,0.0,0.0,0.0,0.0,0.0,0.0,0.0,0.0,0.0,0.0,0.0,0.0,0.0,0.0,0.0,0.0,0.0,0.0,0.0,0.0,0.0
2022-11-01,13,305,395,23,73,16,344,115,38,181,379,36,4.0,31,1,29,3,2.0,47,1.0,15,7,53,7,32,29,1,9,9,0.0,2,1.0,4,6,27,1,1,11,13,34,13,2,9,1.0,0.0,7,4,1,1,3,2.0,0.0,0.0,1.0,1,1,3,7,1.0,6,6,0.0,0.0,12,1.0,2.0,4,11,1,14,8,7,6,1,1,4,3,3,1,1,2,3,1,1.0,0.0,0.0,5,2,15,3,8,2,1.0,1.0,1,1,1,1,0.0,1.0,2,7,5,1.0,1,0.0,2,1,1.0,2,2,1.0,1,1.0,1.0,1.0,0.0,2,4,1.0,1.0,0.0,1,0.0,2,1.0,1.0,3,1.0,1,3,1.0,2,2,1,2,2,1,1,1,2,1,1,3,1,1.0,1.0,1,1,1.0,1,1,1.0,1,1,1.0,1.0,3,1.0,1,1,1.0,1,0.0,1,3,1,1,1,3,1,1.0,1,1.0,0.0,0.0,1.0,0.0,1.0,1.0,1.0,1.0,1.0,1.0,0.0,1.0,1.0,0.0,0.0,0.0,1.0,1.0,1.0,1.0,1.0,1.0,1.0,1.0,1.0,1.0,6.0,1.0,2.0,1.0,2.0,1.0,0.0,1.0,1.0,3.0,1.0,1.0,2.0,1.0,1.0,1.0,1.0,1.0,1.0,1.0,1.0,1.0,1.0,0.0,0.0,0.0,0.0,0.0,0.0,0.0,0.0,0.0,0.0,0.0,0.0,0.0,0.0,0.0,0.0,0.0,0.0,0.0,0.0,0.0,0.0,0.0,0.0,0.0,0.0,0.0,0.0,0.0,0.0,0.0,0.0,0.0,0.0,0.0,0.0,0.0,0.0,0.0,0.0,0.0,0.0,0.0,0.0,0.0,0.0,0.0,0.0,0.0,0.0,0.0,0.0,0.0,0.0,0.0,0.0,0.0,0.0,0.0,0.0,0.0,0.0,0.0,0.0,0.0,0.0,0.0,0.0,0.0,0.0,0.0,0.0,0.0,0.0,0.0,0.0,0.0,0.0,0.0,0.0,0.0,0.0,0.0,0.0,0.0,0.0,0.0,0.0,0.0,0.0,0.0,0.0,0.0,0.0,0.0,0.0,0.0,0.0,0.0,0.0,0.0,0.0,0.0,0.0,0.0,0.0,0.0,0.0,0.0,0.0,0.0,0.0,0.0,0.0,0.0,0.0,0.0,0.0,0.0,0.0,0.0,0.0,0.0,0.0,0.0,0.0,0.0,0.0,0.0,0.0,0.0,0.0,0.0,0.0,0.0,0.0,0.0,0.0,0.0,0.0,0.0,0.0,0.0
2022-12-01,15,315,409,26,76,20,350,120,39,188,385,35,4.0,32,1,30,5,2.0,53,1.0,18,7,50,5,32,29,1,9,8,0.0,3,0.0,3,6,32,1,2,11,13,36,14,2,12,1.0,0.0,7,4,1,2,3,3.0,0.0,0.0,1.0,1,1,4,7,1.0,5,5,1.0,1.0,12,1.0,2.0,4,11,1,13,9,8,5,1,1,4,4,3,1,1,2,3,1,1.0,0.0,0.0,4,4,18,5,10,2,0.0,1.0,1,1,2,1,0.0,1.0,2,7,5,1.0,1,0.0,2,1,1.0,1,3,1.0,1,2.0,1.0,1.0,0.0,2,4,1.0,1.0,0.0,1,0.0,2,1.0,1.0,3,1.0,1,2,0.0,4,2,1,2,2,1,1,1,2,1,2,3,1,1.0,1.0,1,1,1.0,1,1,1.0,1,1,1.0,2.0,3,1.0,1,1,1.0,1,1.0,1,3,1,1,1,3,1,1.0,1,1.0,1.0,1.0,0.0,0.0,1.0,1.0,1.0,1.0,1.0,1.0,0.0,2.0,1.0,0.0,0.0,0.0,1.0,1.0,1.0,1.0,1.0,1.0,0.0,1.0,1.0,1.0,4.0,0.0,1.0,1.0,2.0,1.0,0.0,1.0,0.0,12.0,1.0,1.0,2.0,2.0,1.0,1.0,1.0,1.0,1.0,0.0,1.0,1.0,1.0,1.0,1.0,1.0,1.0,1.0,1.0,1.0,1.0,1.0,1.0,0.0,0.0,0.0,0.0,0.0,0.0,0.0,0.0,0.0,0.0,0.0,0.0,0.0,0.0,0.0,0.0,0.0,0.0,0.0,0.0,0.0,0.0,0.0,0.0,0.0,0.0,0.0,0.0,0.0,0.0,0.0,0.0,0.0,0.0,0.0,0.0,0.0,0.0,0.0,0.0,0.0,0.0,0.0,0.0,0.0,0.0,0.0,0.0,0.0,0.0,0.0,0.0,0.0,0.0,0.0,0.0,0.0,0.0,0.0,0.0,0.0,0.0,0.0,0.0,0.0,0.0,0.0,0.0,0.0,0.0,0.0,0.0,0.0,0.0,0.0,0.0,0.0,0.0,0.0,0.0,0.0,0.0,0.0,0.0,0.0,0.0,0.0,0.0,0.0,0.0,0.0,0.0,0.0,0.0,0.0,0.0,0.0,0.0,0.0,0.0,0.0,0.0,0.0,0.0,0.0,0.0,0.0,0.0,0.0,0.0,0.0,0.0,0.0,0.0,0.0,0.0,0.0,0.0,0.0,0.0,0.0,0.0,0.0,0.0,0.0,0.0,0.0,0.0,0.0,0.0,0.0,0.0,0.0
2023-01-01,11,305,410,24,73,20,338,114,38,179,396,34,3.0,31,1,27,5,2.0,50,1.0,20,6,48,5,27,28,1,11,7,0.0,3,0.0,4,6,31,1,3,10,14,32,10,2,9,1.0,0.0,6,5,1,2,3,2.0,0.0,0.0,1.0,1,1,3,7,0.0,7,6,0.0,0.0,11,0.0,2.0,4,12,1,15,9,7,3,1,1,4,3,3,1,1,2,3,1,0.0,0.0,0.0,5,5,16,4,8,2,0.0,1.0,1,1,2,1,0.0,0.0,2,9,3,1.0,1,0.0,3,1,1.0,1,2,1.0,1,3.0,0.0,1.0,0.0,2,4,0.0,1.0,0.0,2,0.0,2,1.0,1.0,3,1.0,1,3,1.0,4,2,1,2,2,1,1,1,2,1,1,4,1,1.0,0.0,2,1,1.0,1,1,1.0,1,1,1.0,2.0,3,1.0,1,1,1.0,2,0.0,1,5,1,1,1,3,1,0.0,1,1.0,0.0,1.0,0.0,0.0,1.0,1.0,1.0,1.0,1.0,1.0,0.0,1.0,1.0,0.0,0.0,0.0,0.0,1.0,1.0,1.0,1.0,1.0,0.0,1.0,1.0,1.0,6.0,0.0,2.0,1.0,3.0,1.0,0.0,1.0,0.0,37.0,1.0,1.0,2.0,2.0,1.0,1.0,1.0,0.0,1.0,0.0,1.0,1.0,2.0,1.0,1.0,1.0,1.0,2.0,1.0,1.0,1.0,1.0,0.0,1.0,1.0,1.0,1.0,1.0,2.0,0.0,0.0,0.0,0.0,0.0,0.0,0.0,0.0,0.0,0.0,0.0,0.0,0.0,0.0,0.0,0.0,0.0,0.0,0.0,0.0,0.0,0.0,0.0,0.0,0.0,0.0,0.0,0.0,0.0,0.0,0.0,0.0,0.0,0.0,0.0,0.0,0.0,0.0,0.0,0.0,0.0,0.0,0.0,0.0,0.0,0.0,0.0,0.0,0.0,0.0,0.0,0.0,0.0,0.0,0.0,0.0,0.0,0.0,0.0,0.0,0.0,0.0,0.0,0.0,0.0,0.0,0.0,0.0,0.0,0.0,0.0,0.0,0.0,0.0,0.0,0.0,0.0,0.0,0.0,0.0,0.0,0.0,0.0,0.0,0.0,0.0,0.0,0.0,0.0,0.0,0.0,0.0,0.0,0.0,0.0,0.0,0.0,0.0,0.0,0.0,0.0,0.0,0.0,0.0,0.0,0.0,0.0,0.0,0.0,0.0,0.0,0.0,0.0,0.0,0.0,0.0,0.0,0.0,0.0,0.0,0.0,0.0,0.0,0.0,0.0,0.0,0.0
2023-02-01,14,307,429,23,80,21,336,118,35,170,406,38,5.0,35,1,23,4,2.0,54,1.0,19,7,54,10,28,31,1,12,9,0.0,3,0.0,4,6,29,1,2,10,14,32,12,2,10,1.0,1.0,6,7,1,2,3,2.0,0.0,0.0,1.0,1,1,3,7,0.0,6,7,0.0,0.0,13,0.0,2.0,4,13,1,15,10,6,4,1,1,4,4,3,1,1,2,3,1,1.0,0.0,0.0,4,5,13,4,8,2,0.0,1.0,1,1,2,1,0.0,1.0,2,8,5,1.0,1,0.0,4,1,1.0,2,3,1.0,1,1.0,1.0,1.0,0.0,2,4,1.0,1.0,0.0,2,0.0,2,1.0,1.0,3,1.0,1,3,1.0,4,2,1,2,2,1,1,1,2,1,1,5,1,1.0,1.0,3,1,0.0,1,1,1.0,1,1,1.0,3.0,3,1.0,1,1,1.0,2,0.0,1,4,1,1,1,7,1,0.0,1,1.0,0.0,0.0,0.0,0.0,1.0,1.0,1.0,0.0,1.0,1.0,0.0,1.0,1.0,0.0,0.0,0.0,0.0,1.0,1.0,1.0,1.0,1.0,0.0,1.0,1.0,1.0,6.0,0.0,1.0,1.0,4.0,1.0,0.0,1.0,1.0,60.0,1.0,1.0,2.0,2.0,1.0,1.0,1.0,0.0,1.0,0.0,1.0,1.0,2.0,1.0,1.0,1.0,0.0,2.0,1.0,1.0,1.0,1.0,0.0,0.0,1.0,1.0,0.0,1.0,2.0,1.0,1.0,1.0,1.0,1.0,1.0,1.0,1.0,0.0,0.0,0.0,0.0,0.0,0.0,0.0,0.0,0.0,0.0,0.0,0.0,0.0,0.0,0.0,0.0,0.0,0.0,0.0,0.0,0.0,0.0,0.0,0.0,0.0,0.0,0.0,0.0,0.0,0.0,0.0,0.0,0.0,0.0,0.0,0.0,0.0,0.0,0.0,0.0,0.0,0.0,0.0,0.0,0.0,0.0,0.0,0.0,0.0,0.0,0.0,0.0,0.0,0.0,0.0,0.0,0.0,0.0,0.0,0.0,0.0,0.0,0.0,0.0,0.0,0.0,0.0,0.0,0.0,0.0,0.0,0.0,0.0,0.0,0.0,0.0,0.0,0.0,0.0,0.0,0.0,0.0,0.0,0.0,0.0,0.0,0.0,0.0,0.0,0.0,0.0,0.0,0.0,0.0,0.0,0.0,0.0,0.0,0.0,0.0,0.0,0.0,0.0,0.0,0.0,0.0,0.0,0.0,0.0,0.0,0.0,0.0,0.0,0.0,0.0,0.0,0.0,0.0,0.0
2023-03-01,14,290,428,21,80,20,316,121,29,156,405,39,3.0,35,1,22,4,2.0,55,1.0,17,8,50,4,27,26,1,12,9,0.0,3,1.0,4,6,25,1,1,13,16,29,16,2,9,1.0,1.0,7,7,1,2,3,2.0,0.0,0.0,1.0,1,1,1,6,0.0,7,5,0.0,0.0,13,0.0,2.0,4,13,1,13,9,7,6,1,1,4,2,3,1,1,2,3,1,0.0,0.0,0.0,6,5,13,6,9,3,0.0,1.0,1,1,2,1,0.0,1.0,2,5,5,1.0,1,1.0,5,1,1.0,2,2,1.0,1,1.0,0.0,0.0,0.0,2,5,1.0,1.0,0.0,2,0.0,2,1.0,1.0,3,0.0,1,4,1.0,3,2,1,2,3,1,1,1,2,1,1,5,1,1.0,1.0,2,1,0.0,1,1,1.0,1,1,1.0,2.0,3,1.0,1,1,1.0,2,0.0,1,6,1,1,1,10,1,1.0,1,1.0,0.0,1.0,0.0,0.0,0.0,1.0,1.0,1.0,1.0,1.0,0.0,1.0,1.0,0.0,0.0,0.0,0.0,1.0,1.0,1.0,1.0,1.0,1.0,1.0,1.0,1.0,8.0,0.0,3.0,1.0,4.0,1.0,0.0,1.0,0.0,81.0,1.0,1.0,2.0,2.0,1.0,1.0,1.0,0.0,1.0,0.0,1.0,1.0,1.0,1.0,1.0,1.0,0.0,2.0,1.0,1.0,1.0,1.0,1.0,0.0,1.0,1.0,0.0,1.0,2.0,0.0,0.0,1.0,1.0,1.0,1.0,1.0,1.0,1.0,1.0,1.0,1.0,1.0,1.0,1.0,1.0,1.0,1.0,0.0,0.0,0.0,0.0,0.0,0.0,0.0,0.0,0.0,0.0,0.0,0.0,0.0,0.0,0.0,0.0,0.0,0.0,0.0,0.0,0.0,0.0,0.0,0.0,0.0,0.0,0.0,0.0,0.0,0.0,0.0,0.0,0.0,0.0,0.0,0.0,0.0,0.0,0.0,0.0,0.0,0.0,0.0,0.0,0.0,0.0,0.0,0.0,0.0,0.0,0.0,0.0,0.0,0.0,0.0,0.0,0.0,0.0,0.0,0.0,0.0,0.0,0.0,0.0,0.0,0.0,0.0,0.0,0.0,0.0,0.0,0.0,0.0,0.0,0.0,0.0,0.0,0.0,0.0,0.0,0.0,0.0,0.0,0.0,0.0,0.0,0.0,0.0,0.0,0.0,0.0,0.0,0.0,0.0,0.0,0.0,0.0,0.0,0.0,0.0,0.0,0.0,0.0,0.0,0.0,0.0,0.0,0.0,0.0
2023-04-01,13,292,432,23,85,19,311,119,29,157,425,40,3.0,32,1,16,4,1.0,56,1.0,14,8,52,5,32,30,1,12,7,0.0,3,0.0,4,6,28,1,2,12,15,33,13,2,10,1.0,1.0,8,9,1,2,3,2.0,0.0,0.0,1.0,1,1,2,7,0.0,6,6,0.0,1.0,11,0.0,1.0,4,12,2,13,10,6,5,1,1,4,2,3,1,1,2,3,1,1.0,0.0,0.0,6,6,10,8,8,3,0.0,1.0,1,1,2,1,0.0,1.0,2,9,5,1.0,1,1.0,4,1,1.0,1,6,1.0,1,1.0,1.0,0.0,0.0,2,4,1.0,1.0,1.0,2,0.0,2,1.0,1.0,3,0.0,1,4,1.0,3,2,1,2,3,1,1,1,2,1,1,5,1,1.0,0.0,1,1,0.0,1,1,1.0,1,1,0.0,2.0,3,1.0,1,1,1.0,2,0.0,1,6,1,1,1,10,1,1.0,1,1.0,0.0,1.0,0.0,0.0,0.0,1.0,0.0,1.0,1.0,1.0,0.0,1.0,1.0,0.0,1.0,1.0,0.0,1.0,0.0,1.0,1.0,1.0,0.0,1.0,1.0,1.0,9.0,0.0,4.0,1.0,6.0,1.0,0.0,1.0,0.0,100.0,1.0,1.0,2.0,2.0,1.0,1.0,1.0,0.0,1.0,0.0,1.0,1.0,1.0,1.0,1.0,1.0,0.0,2.0,1.0,1.0,1.0,1.0,1.0,1.0,1.0,1.0,0.0,1.0,2.0,0.0,0.0,0.0,3.0,1.0,1.0,1.0,0.0,1.0,1.0,1.0,1.0,1.0,1.0,1.0,1.0,1.0,1.0,1.0,1.0,1.0,0.0,0.0,0.0,0.0,0.0,0.0,0.0,0.0,0.0,0.0,0.0,0.0,0.0,0.0,0.0,0.0,0.0,0.0,0.0,0.0,0.0,0.0,0.0,0.0,0.0,0.0,0.0,0.0,0.0,0.0,0.0,0.0,0.0,0.0,0.0,0.0,0.0,0.0,0.0,0.0,0.0,0.0,0.0,0.0,0.0,0.0,0.0,0.0,0.0,0.0,0.0,0.0,0.0,0.0,0.0,0.0,0.0,0.0,0.0,0.0,0.0,0.0,0.0,0.0,0.0,0.0,0.0,0.0,0.0,0.0,0.0,0.0,0.0,0.0,0.0,0.0,0.0,0.0,0.0,0.0,0.0,0.0,0.0,0.0,0.0,0.0,0.0,0.0,0.0,0.0,0.0,0.0,0.0,0.0,0.0,0.0,0.0,0.0,0.0,0.0,0.0,0.0,0.0,0.0,0.0,0.0
2023-05-01,11,282,450,18,90,21,303,121,33,159,438,42,3.0,30,1,19,5,1.0,62,1.0,16,8,47,4,31,30,1,12,8,0.0,3,0.0,4,6,29,1,1,12,14,22,14,2,9,1.0,1.0,8,9,1,1,2,2.0,0.0,0.0,1.0,1,1,2,7,0.0,6,6,0.0,1.0,13,0.0,1.0,4,14,2,11,10,6,7,1,1,5,3,3,1,2,2,3,1,1.0,0.0,0.0,9,5,12,7,8,3,0.0,1.0,1,1,2,1,0.0,1.0,2,8,5,1.0,1,1.0,4,1,1.0,2,6,1.0,1,1.0,0.0,0.0,0.0,2,3,1.0,1.0,13.0,2,0.0,2,1.0,1.0,3,0.0,1,4,1.0,3,3,1,2,3,1,1,1,2,1,1,5,1,1.0,1.0,2,1,0.0,1,1,1.0,1,1,0.0,2.0,3,0.0,1,1,1.0,2,0.0,1,8,1,1,2,10,1,1.0,1,1.0,0.0,1.0,0.0,0.0,1.0,1.0,0.0,0.0,2.0,1.0,0.0,1.0,1.0,0.0,1.0,1.0,0.0,1.0,0.0,1.0,1.0,1.0,0.0,1.0,1.0,1.0,9.0,0.0,4.0,1.0,6.0,1.0,0.0,1.0,1.0,120.0,1.0,1.0,2.0,2.0,1.0,1.0,1.0,0.0,1.0,0.0,1.0,1.0,1.0,1.0,1.0,1.0,0.0,2.0,1.0,1.0,1.0,1.0,1.0,1.0,1.0,1.0,0.0,1.0,2.0,0.0,0.0,1.0,3.0,1.0,1.0,1.0,0.0,1.0,1.0,1.0,1.0,1.0,1.0,1.0,1.0,0.0,1.0,0.0,1.0,1.0,1.0,1.0,1.0,1.0,1.0,1.0,1.0,1.0,0.0,0.0,0.0,0.0,0.0,0.0,0.0,0.0,0.0,0.0,0.0,0.0,0.0,0.0,0.0,0.0,0.0,0.0,0.0,0.0,0.0,0.0,0.0,0.0,0.0,0.0,0.0,0.0,0.0,0.0,0.0,0.0,0.0,0.0,0.0,0.0,0.0,0.0,0.0,0.0,0.0,0.0,0.0,0.0,0.0,0.0,0.0,0.0,0.0,0.0,0.0,0.0,0.0,0.0,0.0,0.0,0.0,0.0,0.0,0.0,0.0,0.0,0.0,0.0,0.0,0.0,0.0,0.0,0.0,0.0,0.0,0.0,0.0,0.0,0.0,0.0,0.0,0.0,0.0,0.0,0.0,0.0,0.0,0.0,0.0,0.0,0.0,0.0,0.0,0.0,0.0,0.0,0.0,0.0,0.0,0.0,0.0,0.0
2023-06-01,8,278,460,18,97,20,303,127,31,157,452,40,3.0,32,1,21,4,1.0,62,1.0,16,7,46,6,33,33,1,14,8,0.0,3,1.0,4,6,30,1,2,15,12,13,12,2,8,1.0,0.0,10,10,1,2,2,2.0,0.0,0.0,1.0,1,1,2,7,0.0,6,5,0.0,1.0,14,0.0,1.0,4,14,2,11,10,7,6,1,1,5,3,3,1,2,2,3,1,0.0,0.0,0.0,9,7,10,8,9,3,0.0,1.0,1,1,2,1,0.0,1.0,2,8,5,1.0,1,1.0,3,1,1.0,1,4,1.0,1,1.0,0.0,0.0,0.0,2,3,0.0,1.0,19.0,2,0.0,2,1.0,1.0,3,0.0,1,4,1.0,3,4,1,2,3,1,1,1,2,1,1,5,1,1.0,1.0,3,1,0.0,1,1,1.0,1,1,0.0,2.0,3,1.0,1,1,1.0,2,0.0,1,7,1,1,2,12,1,0.0,1,1.0,0.0,0.0,0.0,0.0,1.0,1.0,0.0,1.0,2.0,1.0,0.0,1.0,1.0,0.0,0.0,0.0,0.0,1.0,0.0,1.0,1.0,1.0,1.0,1.0,1.0,1.0,9.0,0.0,4.0,1.0,8.0,1.0,0.0,1.0,0.0,141.0,1.0,1.0,2.0,2.0,1.0,1.0,1.0,0.0,1.0,0.0,1.0,1.0,1.0,1.0,1.0,1.0,0.0,2.0,1.0,1.0,1.0,1.0,1.0,1.0,1.0,1.0,0.0,1.0,2.0,0.0,0.0,1.0,3.0,1.0,1.0,1.0,0.0,1.0,1.0,1.0,1.0,0.0,1.0,1.0,1.0,0.0,1.0,0.0,1.0,1.0,0.0,1.0,1.0,1.0,1.0,0.0,1.0,0.0,1.0,1.0,1.0,1.0,2.0,1.0,1.0,1.0,1.0,1.0,0.0,0.0,0.0,0.0,0.0,0.0,0.0,0.0,0.0,0.0,0.0,0.0,0.0,0.0,0.0,0.0,0.0,0.0,0.0,0.0,0.0,0.0,0.0,0.0,0.0,0.0,0.0,0.0,0.0,0.0,0.0,0.0,0.0,0.0,0.0,0.0,0.0,0.0,0.0,0.0,0.0,0.0,0.0,0.0,0.0,0.0,0.0,0.0,0.0,0.0,0.0,0.0,0.0,0.0,0.0,0.0,0.0,0.0,0.0,0.0,0.0,0.0,0.0,0.0,0.0,0.0,0.0,0.0,0.0,0.0,0.0,0.0,0.0,0.0,0.0,0.0,0.0,0.0,0.0,0.0,0.0,0.0,0.0,0.0,0.0,0.0,0.0,0.0
2023-07-01,9,279,472,17,102,18,306,133,35,156,468,39,2.0,35,1,20,5,1.0,64,1.0,17,7,47,4,35,31,1,14,9,0.0,2,1.0,4,6,30,1,2,13,16,14,12,2,8,1.0,0.0,11,10,1,2,2,1.0,0.0,0.0,1.0,1,1,1,6,0.0,7,5,0.0,0.0,16,0.0,1.0,4,14,2,11,10,7,7,1,1,5,3,3,1,2,2,3,1,1.0,0.0,0.0,9,8,10,8,10,3,0.0,1.0,1,1,2,1,0.0,1.0,2,8,5,1.0,1,1.0,3,1,1.0,2,5,1.0,1,1.0,0.0,0.0,0.0,2,3,1.0,1.0,19.0,2,0.0,2,1.0,1.0,3,0.0,1,4,1.0,3,5,1,2,3,1,1,1,2,1,1,5,1,1.0,0.0,3,1,0.0,1,1,1.0,1,1,0.0,3.0,3,0.0,1,1,1.0,2,0.0,1,6,1,1,2,13,1,1.0,1,1.0,0.0,0.0,0.0,0.0,0.0,1.0,0.0,0.0,2.0,1.0,0.0,0.0,1.0,0.0,0.0,0.0,0.0,1.0,0.0,1.0,1.0,1.0,0.0,1.0,1.0,1.0,12.0,0.0,4.0,1.0,8.0,1.0,0.0,1.0,1.0,164.0,1.0,1.0,2.0,2.0,1.0,1.0,1.0,0.0,1.0,0.0,2.0,1.0,1.0,1.0,1.0,1.0,0.0,2.0,1.0,1.0,1.0,1.0,1.0,1.0,1.0,1.0,0.0,1.0,1.0,0.0,0.0,1.0,3.0,1.0,2.0,1.0,0.0,1.0,1.0,1.0,1.0,0.0,1.0,1.0,1.0,0.0,1.0,0.0,1.0,1.0,0.0,1.0,1.0,1.0,1.0,1.0,1.0,1.0,1.0,0.0,1.0,1.0,2.0,1.0,0.0,2.0,1.0,1.0,1.0,1.0,1.0,1.0,1.0,1.0,1.0,0.0,0.0,0.0,0.0,0.0,0.0,0.0,0.0,0.0,0.0,0.0,0.0,0.0,0.0,0.0,0.0,0.0,0.0,0.0,0.0,0.0,0.0,0.0,0.0,0.0,0.0,0.0,0.0,0.0,0.0,0.0,0.0,0.0,0.0,0.0,0.0,0.0,0.0,0.0,0.0,0.0,0.0,0.0,0.0,0.0,0.0,0.0,0.0,0.0,0.0,0.0,0.0,0.0,0.0,0.0,0.0,0.0,0.0,0.0,0.0,0.0,0.0,0.0,0.0,0.0,0.0,0.0,0.0,0.0,0.0,0.0,0.0,0.0,0.0,0.0,0.0,0.0,0.0,0.0,0.0,0.0
2023-08-01,10,273,475,17,100,19,286,130,32,147,457,41,1.0,34,1,16,4,1.0,59,1.0,17,6,48,4,29,26,1,14,9,0.0,2,0.0,4,5,32,1,1,13,15,14,10,2,9,1.0,0.0,12,8,1,2,2,2.0,0.0,0.0,0.0,1,1,2,8,0.0,7,6,0.0,0.0,16,0.0,1.0,4,14,2,9,8,8,8,1,1,5,3,3,1,2,2,2,1,0.0,0.0,0.0,8,8,9,6,8,3,0.0,1.0,1,1,2,1,0.0,1.0,2,8,5,1.0,1,1.0,3,1,1.0,3,5,1.0,1,0.0,0.0,0.0,0.0,2,3,1.0,1.0,20.0,2,0.0,2,1.0,1.0,3,0.0,1,4,1.0,2,5,1,2,3,1,1,1,2,1,1,5,1,1.0,1.0,3,1,0.0,1,1,1.0,1,1,0.0,3.0,3,1.0,1,1,1.0,2,0.0,1,7,1,1,1,11,1,0.0,1,1.0,0.0,1.0,0.0,0.0,0.0,1.0,0.0,0.0,2.0,1.0,0.0,0.0,1.0,0.0,0.0,0.0,0.0,1.0,0.0,1.0,1.0,1.0,1.0,1.0,1.0,1.0,10.0,0.0,4.0,1.0,8.0,1.0,0.0,1.0,0.0,174.0,1.0,1.0,2.0,2.0,1.0,1.0,1.0,0.0,1.0,0.0,2.0,1.0,1.0,1.0,1.0,0.0,0.0,2.0,1.0,1.0,1.0,1.0,1.0,1.0,1.0,1.0,0.0,1.0,2.0,1.0,0.0,1.0,3.0,1.0,1.0,1.0,0.0,1.0,1.0,1.0,1.0,0.0,1.0,1.0,1.0,0.0,1.0,0.0,2.0,1.0,0.0,1.0,1.0,1.0,1.0,1.0,1.0,0.0,1.0,0.0,1.0,1.0,2.0,1.0,0.0,1.0,0.0,0.0,1.0,1.0,0.0,0.0,0.0,1.0,1.0,1.0,1.0,1.0,1.0,1.0,1.0,1.0,1.0,1.0,1.0,1.0,1.0,1.0,1.0,0.0,0.0,0.0,0.0,0.0,0.0,0.0,0.0,0.0,0.0,0.0,0.0,0.0,0.0,0.0,0.0,0.0,0.0,0.0,0.0,0.0,0.0,0.0,0.0,0.0,0.0,0.0,0.0,0.0,0.0,0.0,0.0,0.0,0.0,0.0,0.0,0.0,0.0,0.0,0.0,0.0,0.0,0.0,0.0,0.0,0.0,0.0,0.0,0.0,0.0,0.0,0.0,0.0,0.0,0.0,0.0,0.0,0.0,0.0,0.0,0.0,0.0,0.0,0.0,0.0,0.0,0.0
2023-09-01,11,281,496,17,111,22,291,139,37,160,483,42,1.0,38,1,18,4,1.0,73,1.0,20,7,46,5,34,27,1,15,8,0.0,2,0.0,4,5,32,1,1,13,13,14,11,3,10,1.0,0.0,12,10,1,2,2,3.0,0.0,0.0,1.0,1,1,2,7,0.0,8,7,0.0,0.0,18,0.0,1.0,3,15,2,11,9,8,7,1,1,5,3,3,1,1,2,2,1,0.0,0.0,0.0,10,10,11,9,10,3,0.0,1.0,1,1,2,1,0.0,1.0,2,8,5,1.0,1,1.0,3,1,1.0,3,5,1.0,1,0.0,0.0,0.0,0.0,3,2,1.0,0.0,20.0,2,0.0,1,1.0,1.0,4,0.0,1,5,1.0,3,6,1,2,3,1,1,1,2,1,2,6,1,1.0,1.0,3,1,0.0,1,1,1.0,1,1,0.0,3.0,3,1.0,1,1,1.0,2,1.0,1,8,1,1,2,14,1,1.0,1,1.0,0.0,0.0,0.0,0.0,0.0,1.0,0.0,1.0,2.0,1.0,0.0,2.0,1.0,0.0,0.0,0.0,0.0,1.0,0.0,1.0,1.0,1.0,1.0,1.0,1.0,1.0,13.0,1.0,5.0,1.0,8.0,1.0,0.0,1.0,1.0,189.0,1.0,1.0,2.0,2.0,1.0,1.0,1.0,0.0,1.0,0.0,5.0,1.0,2.0,1.0,1.0,1.0,0.0,2.0,1.0,0.0,0.0,1.0,1.0,1.0,1.0,1.0,0.0,1.0,2.0,0.0,0.0,1.0,3.0,1.0,1.0,1.0,0.0,1.0,1.0,1.0,1.0,0.0,1.0,1.0,1.0,0.0,1.0,1.0,2.0,1.0,0.0,1.0,1.0,1.0,1.0,0.0,1.0,0.0,2.0,0.0,1.0,1.0,2.0,0.0,1.0,2.0,0.0,0.0,1.0,1.0,0.0,0.0,0.0,1.0,2.0,1.0,0.0,0.0,1.0,1.0,1.0,1.0,1.0,1.0,1.0,1.0,1.0,1.0,1.0,1.0,1.0,1.0,1.0,1.0,1.0,1.0,1.0,0.0,0.0,0.0,0.0,0.0,0.0,0.0,0.0,0.0,0.0,0.0,0.0,0.0,0.0,0.0,0.0,0.0,0.0,0.0,0.0,0.0,0.0,0.0,0.0,0.0,0.0,0.0,0.0,0.0,0.0,0.0,0.0,0.0,0.0,0.0,0.0,0.0,0.0,0.0,0.0,0.0,0.0,0.0,0.0,0.0,0.0,0.0,0.0,0.0,0.0,0.0,0.0,0.0,0.0,0.0,0.0,0.0,0.0,0.0
2023-10-01,11,276,503,17,113,19,281,140,35,151,470,42,1.0,40,1,17,5,1.0,71,1.0,18,8,47,5,33,26,1,15,7,0.0,2,0.0,4,5,33,1,1,12,13,14,11,3,8,1.0,1.0,14,11,1,2,2,2.0,0.0,0.0,1.0,1,1,2,6,0.0,8,8,0.0,1.0,17,0.0,1.0,3,14,2,11,11,8,9,1,1,5,7,3,1,2,2,2,1,0.0,0.0,0.0,9,9,9,9,10,2,0.0,1.0,1,1,2,1,0.0,1.0,2,6,5,1.0,1,1.0,3,1,1.0,3,6,1.0,1,0.0,0.0,0.0,0.0,3,1,1.0,1.0,18.0,1,0.0,1,1.0,1.0,4,0.0,1,5,1.0,3,5,1,2,3,1,1,1,2,1,2,6,1,1.0,1.0,3,1,0.0,1,1,1.0,1,1,0.0,3.0,3,1.0,1,1,1.0,2,0.0,1,7,1,1,1,14,1,1.0,1,1.0,0.0,0.0,0.0,0.0,1.0,1.0,0.0,1.0,2.0,1.0,0.0,2.0,1.0,0.0,0.0,0.0,0.0,1.0,0.0,1.0,1.0,1.0,1.0,1.0,1.0,1.0,12.0,0.0,3.0,1.0,8.0,1.0,0.0,1.0,1.0,208.0,1.0,1.0,2.0,2.0,1.0,1.0,1.0,0.0,1.0,0.0,5.0,1.0,2.0,1.0,1.0,1.0,0.0,3.0,1.0,1.0,1.0,1.0,1.0,1.0,1.0,1.0,0.0,1.0,2.0,0.0,0.0,0.0,3.0,1.0,0.0,1.0,0.0,1.0,1.0,1.0,1.0,0.0,1.0,1.0,0.0,0.0,2.0,1.0,1.0,1.0,0.0,1.0,1.0,1.0,1.0,1.0,1.0,0.0,2.0,0.0,1.0,1.0,2.0,0.0,1.0,2.0,1.0,1.0,1.0,1.0,0.0,0.0,0.0,1.0,2.0,1.0,0.0,0.0,1.0,1.0,1.0,0.0,1.0,1.0,2.0,1.0,2.0,1.0,1.0,1.0,1.0,1.0,1.0,1.0,1.0,0.0,1.0,1.0,1.0,1.0,1.0,2.0,1.0,0.0,0.0,0.0,0.0,0.0,0.0,0.0,0.0,0.0,0.0,0.0,0.0,0.0,0.0,0.0,0.0,0.0,0.0,0.0,0.0,0.0,0.0,0.0,0.0,0.0,0.0,0.0,0.0,0.0,0.0,0.0,0.0,0.0,0.0,0.0,0.0,0.0,0.0,0.0,0.0,0.0,0.0,0.0,0.0,0.0,0.0,0.0,0.0,0.0,0.0,0.0,0.0,0.0
2023-11-01,10,270,498,18,118,21,274,147,34,145,448,47,1.0,42,1,20,5,1.0,75,1.0,15,7,43,4,33,29,2,16,7,0.0,2,0.0,5,5,31,1,1,11,11,12,11,2,9,1.0,1.0,14,14,1,2,2,1.0,0.0,0.0,1.0,1,1,2,7,0.0,6,6,0.0,0.0,17,0.0,1.0,3,15,2,9,10,8,8,1,1,5,6,4,1,2,2,2,1,1.0,0.0,0.0,9,9,10,9,10,2,0.0,0.0,1,1,2,1,0.0,1.0,3,3,5,1.0,1,1.0,4,1,1.0,2,6,1.0,1,0.0,0.0,0.0,0.0,3,2,0.0,1.0,15.0,1,0.0,1,1.0,1.0,4,0.0,1,4,1.0,1,5,1,2,4,1,1,1,2,1,2,6,1,1.0,1.0,3,1,0.0,1,1,0.0,1,1,0.0,3.0,3,1.0,1,1,1.0,2,1.0,1,7,2,1,2,15,1,1.0,1,1.0,0.0,0.0,0.0,0.0,1.0,1.0,0.0,2.0,2.0,1.0,0.0,2.0,1.0,0.0,0.0,0.0,0.0,1.0,0.0,2.0,1.0,1.0,0.0,1.0,1.0,1.0,13.0,1.0,3.0,1.0,9.0,1.0,0.0,1.0,0.0,228.0,1.0,1.0,2.0,2.0,1.0,1.0,1.0,0.0,1.0,0.0,5.0,1.0,2.0,1.0,1.0,1.0,0.0,2.0,1.0,1.0,1.0,1.0,1.0,1.0,1.0,1.0,0.0,1.0,2.0,0.0,0.0,1.0,3.0,1.0,0.0,1.0,0.0,1.0,1.0,1.0,1.0,0.0,1.0,1.0,0.0,0.0,3.0,1.0,1.0,1.0,0.0,1.0,1.0,1.0,1.0,0.0,1.0,0.0,2.0,0.0,1.0,1.0,2.0,0.0,0.0,3.0,0.0,0.0,1.0,1.0,0.0,0.0,0.0,1.0,4.0,0.0,0.0,0.0,1.0,1.0,1.0,0.0,1.0,1.0,2.0,1.0,2.0,1.0,1.0,1.0,1.0,1.0,1.0,2.0,1.0,1.0,1.0,1.0,1.0,1.0,1.0,2.0,1.0,2.0,1.0,1.0,1.0,1.0,1.0,0.0,0.0,0.0,0.0,0.0,0.0,0.0,0.0,0.0,0.0,0.0,0.0,0.0,0.0,0.0,0.0,0.0,0.0,0.0,0.0,0.0,0.0,0.0,0.0,0.0,0.0,0.0,0.0,0.0,0.0,0.0,0.0,0.0,0.0,0.0,0.0,0.0,0.0,0.0,0.0,0.0,0.0,0.0,0.0,0.0,0.0,0.0
2023-12-01,12,270,516,17,118,22,263,142,34,140,420,49,0.0,47,1,19,5,0.0,75,0.0,17,7,45,4,32,30,2,16,8,0.0,2,1.0,3,5,31,1,2,14,10,11,12,2,10,1.0,1.0,14,13,1,2,3,1.0,0.0,0.0,1.0,1,1,2,5,0.0,8,9,0.0,0.0,18,0.0,1.0,4,16,2,10,10,7,8,1,1,5,6,4,1,2,2,2,1,0.0,0.0,0.0,10,9,13,9,8,2,0.0,1.0,1,1,2,1,0.0,1.0,3,4,5,1.0,1,1.0,4,1,1.0,3,5,1.0,1,0.0,0.0,0.0,0.0,4,2,1.0,1.0,16.0,2,0.0,1,1.0,1.0,5,0.0,1,3,1.0,1,4,1,2,4,1,1,1,2,1,2,7,1,1.0,1.0,4,1,0.0,1,1,0.0,1,1,0.0,3.0,3,1.0,1,1,1.0,2,0.0,1,7,2,1,2,14,1,1.0,1,1.0,0.0,1.0,0.0,0.0,1.0,1.0,0.0,2.0,2.0,0.0,0.0,2.0,1.0,0.0,0.0,0.0,0.0,1.0,0.0,2.0,1.0,1.0,0.0,1.0,1.0,1.0,13.0,1.0,5.0,1.0,9.0,1.0,0.0,1.0,0.0,244.0,1.0,1.0,2.0,2.0,1.0,1.0,1.0,0.0,1.0,0.0,6.0,1.0,2.0,1.0,1.0,2.0,0.0,3.0,1.0,1.0,0.0,1.0,1.0,1.0,1.0,1.0,0.0,1.0,1.0,0.0,0.0,1.0,3.0,1.0,0.0,1.0,0.0,1.0,1.0,1.0,1.0,0.0,1.0,1.0,0.0,0.0,2.0,0.0,1.0,1.0,0.0,1.0,1.0,1.0,1.0,0.0,1.0,0.0,2.0,0.0,1.0,1.0,2.0,0.0,1.0,2.0,1.0,1.0,1.0,1.0,0.0,0.0,0.0,1.0,3.0,0.0,0.0,0.0,1.0,1.0,1.0,0.0,1.0,1.0,2.0,1.0,2.0,1.0,0.0,1.0,1.0,1.0,1.0,2.0,1.0,0.0,1.0,1.0,1.0,1.0,1.0,2.0,1.0,2.0,1.0,1.0,1.0,1.0,1.0,1.0,1.0,1.0,1.0,0.0,0.0,0.0,0.0,0.0,0.0,0.0,0.0,0.0,0.0,0.0,0.0,0.0,0.0,0.0,0.0,0.0,0.0,0.0,0.0,0.0,0.0,0.0,0.0,0.0,0.0,0.0,0.0,0.0,0.0,0.0,0.0,0.0,0.0,0.0,0.0,0.0,0.0,0.0,0.0,0.0,0.0,0.0
2024-01-01,11,263,505,15,124,22,265,146,32,137,394,45,0.0,43,1,17,4,0.0,78,0.0,14,7,44,4,33,33,2,20,8,0.0,2,1.0,4,5,33,1,1,12,12,13,12,2,8,1.0,1.0,14,12,1,2,3,0.0,0.0,0.0,1.0,1,1,2,7,0.0,5,9,0.0,0.0,18,0.0,0.0,4,16,1,10,11,8,8,1,2,5,7,4,1,2,2,2,1,0.0,0.0,0.0,10,9,13,9,7,2,0.0,1.0,1,1,2,1,0.0,1.0,3,3,5,1.0,1,1.0,3,1,0.0,3,6,1.0,1,1.0,0.0,0.0,0.0,4,2,1.0,1.0,12.0,2,0.0,1,1.0,1.0,5,0.0,1,3,1.0,2,4,1,2,4,1,1,1,2,1,2,7,1,0.0,1.0,4,1,0.0,1,1,0.0,1,1,0.0,3.0,3,1.0,1,1,1.0,2,0.0,1,7,2,1,1,14,1,1.0,1,0.0,0.0,1.0,0.0,0.0,0.0,1.0,0.0,2.0,2.0,0.0,0.0,1.0,1.0,0.0,0.0,0.0,0.0,1.0,0.0,2.0,1.0,1.0,0.0,1.0,1.0,1.0,12.0,1.0,5.0,1.0,9.0,1.0,0.0,1.0,0.0,259.0,1.0,1.0,2.0,3.0,1.0,1.0,1.0,0.0,1.0,0.0,6.0,1.0,2.0,1.0,1.0,2.0,0.0,3.0,1.0,1.0,1.0,1.0,1.0,1.0,1.0,1.0,0.0,1.0,2.0,0.0,0.0,1.0,3.0,1.0,0.0,1.0,0.0,1.0,1.0,1.0,1.0,0.0,1.0,1.0,0.0,0.0,3.0,0.0,0.0,2.0,0.0,1.0,1.0,1.0,1.0,0.0,1.0,0.0,2.0,0.0,1.0,1.0,2.0,0.0,1.0,3.0,0.0,0.0,1.0,1.0,0.0,0.0,0.0,1.0,4.0,0.0,0.0,0.0,1.0,1.0,1.0,0.0,1.0,1.0,4.0,1.0,2.0,1.0,0.0,1.0,1.0,1.0,1.0,2.0,1.0,1.0,1.0,1.0,1.0,1.0,1.0,2.0,1.0,2.0,1.0,1.0,1.0,1.0,1.0,1.0,1.0,1.0,1.0,1.0,1.0,1.0,1.0,1.0,0.0,0.0,0.0,0.0,0.0,0.0,0.0,0.0,0.0,0.0,0.0,0.0,0.0,0.0,0.0,0.0,0.0,0.0,0.0,0.0,0.0,0.0,0.0,0.0,0.0,0.0,0.0,0.0,0.0,0.0,0.0,0.0,0.0,0.0,0.0,0.0,0.0,0.0
2024-02-01,12,252,506,17,129,26,240,146,32,133,375,43,0.0,45,1,14,3,0.0,82,0.0,19,8,36,3,26,28,2,24,8,0.0,1,0.0,5,5,31,1,3,13,10,13,11,2,9,1.0,1.0,15,13,1,2,4,1.0,0.0,0.0,1.0,1,1,2,6,0.0,5,8,0.0,1.0,16,0.0,0.0,3,16,1,10,11,8,9,1,2,6,8,4,1,1,1,2,1,0.0,0.0,0.0,8,13,11,9,8,2,0.0,1.0,1,1,2,1,0.0,1.0,3,2,5,1.0,1,0.0,3,1,1.0,3,5,1.0,1,1.0,0.0,0.0,0.0,4,1,1.0,1.0,6.0,2,0.0,1,0.0,0.0,4,0.0,1,3,1.0,2,4,1,2,3,1,1,1,2,1,2,7,1,0.0,0.0,4,1,0.0,1,1,0.0,1,1,0.0,4.0,3,1.0,1,1,1.0,2,1.0,1,8,1,1,1,17,1,1.0,1,0.0,0.0,1.0,0.0,0.0,0.0,1.0,0.0,2.0,2.0,0.0,0.0,2.0,1.0,0.0,0.0,0.0,0.0,1.0,0.0,2.0,1.0,1.0,1.0,1.0,0.0,1.0,13.0,1.0,5.0,1.0,9.0,1.0,0.0,1.0,0.0,267.0,1.0,1.0,2.0,3.0,1.0,1.0,0.0,0.0,1.0,0.0,6.0,1.0,2.0,1.0,1.0,2.0,0.0,3.0,1.0,0.0,0.0,1.0,1.0,1.0,1.0,0.0,0.0,1.0,2.0,0.0,0.0,1.0,3.0,1.0,0.0,1.0,0.0,1.0,1.0,1.0,0.0,0.0,1.0,1.0,0.0,0.0,3.0,0.0,1.0,2.0,0.0,0.0,1.0,1.0,2.0,0.0,1.0,0.0,2.0,0.0,1.0,1.0,2.0,0.0,1.0,3.0,1.0,1.0,1.0,1.0,0.0,0.0,0.0,1.0,5.0,0.0,0.0,0.0,1.0,1.0,1.0,0.0,1.0,1.0,3.0,1.0,2.0,1.0,0.0,1.0,1.0,1.0,1.0,2.0,1.0,1.0,1.0,1.0,1.0,1.0,1.0,3.0,1.0,1.0,1.0,1.0,1.0,1.0,1.0,1.0,1.0,1.0,1.0,1.0,1.0,1.0,1.0,1.0,1.0,1.0,1.0,1.0,1.0,1.0,0.0,0.0,0.0,0.0,0.0,0.0,0.0,0.0,0.0,0.0,0.0,0.0,0.0,0.0,0.0,0.0,0.0,0.0,0.0,0.0,0.0,0.0,0.0,0.0,0.0,0.0,0.0,0.0,0.0,0.0,0.0,0.0
2024-03-01,12,253,516,17,127,23,243,148,31,133,369,43,0.0,41,1,14,3,1.0,89,0.0,18,8,41,5,27,29,2,22,8,0.0,1,1.0,6,5,33,1,1,15,10,8,13,2,10,1.0,1.0,15,13,1,2,3,1.0,0.0,0.0,0.0,1,1,3,8,0.0,7,9,0.0,0.0,18,0.0,0.0,3,16,1,12,12,7,10,1,2,6,8,4,1,1,1,2,1,0.0,0.0,0.0,10,11,13,9,8,2,0.0,1.0,1,1,2,1,0.0,0.0,2,2,4,1.0,1,1.0,4,1,1.0,2,7,1.0,1,0.0,0.0,0.0,0.0,4,2,1.0,1.0,8.0,2,0.0,1,0.0,0.0,4,0.0,1,3,1.0,2,4,1,2,3,1,1,1,2,1,2,6,1,0.0,1.0,4,1,0.0,1,1,0.0,1,1,0.0,5.0,3,1.0,1,1,1.0,2,0.0,1,10,1,1,1,17,1,1.0,1,0.0,0.0,0.0,0.0,0.0,0.0,1.0,0.0,1.0,2.0,0.0,0.0,2.0,1.0,0.0,0.0,0.0,0.0,0.0,0.0,2.0,1.0,1.0,0.0,1.0,0.0,1.0,13.0,1.0,5.0,1.0,8.0,1.0,0.0,1.0,1.0,284.0,1.0,1.0,2.0,3.0,1.0,1.0,0.0,0.0,1.0,0.0,7.0,1.0,2.0,1.0,1.0,2.0,0.0,2.0,1.0,0.0,0.0,1.0,1.0,1.0,1.0,0.0,0.0,1.0,2.0,0.0,0.0,1.0,3.0,1.0,0.0,1.0,0.0,1.0,1.0,1.0,1.0,0.0,1.0,1.0,0.0,0.0,3.0,0.0,0.0,2.0,0.0,1.0,1.0,1.0,2.0,0.0,1.0,0.0,2.0,0.0,1.0,1.0,2.0,0.0,1.0,4.0,1.0,1.0,1.0,1.0,0.0,0.0,0.0,1.0,6.0,0.0,0.0,0.0,1.0,1.0,1.0,0.0,1.0,1.0,4.0,1.0,2.0,0.0,0.0,1.0,1.0,1.0,1.0,2.0,1.0,1.0,1.0,1.0,1.0,1.0,1.0,3.0,1.0,1.0,0.0,1.0,1.0,1.0,1.0,1.0,1.0,1.0,1.0,1.0,1.0,1.0,0.0,1.0,1.0,1.0,1.0,1.0,1.0,1.0,1.0,1.0,1.0,1.0,1.0,1.0,1.0,1.0,1.0,0.0,0.0,0.0,0.0,0.0,0.0,0.0,0.0,0.0,0.0,0.0,0.0,0.0,0.0,0.0,0.0,0.0,0.0,0.0,0.0,0.0,0.0,0.0
2024-04-01,13,237,519,17,138,23,226,148,37,115,337,42,0.0,47,1,12,2,0.0,87,0.0,15,9,40,4,31,28,2,25,9,0.0,1,0.0,5,4,27,1,1,14,11,7,12,2,10,1.0,1.0,13,13,1,3,4,1.0,0.0,0.0,0.0,1,1,2,5,0.0,5,10,0.0,1.0,17,0.0,0.0,3,16,1,8,10,8,12,1,2,6,8,4,1,1,1,2,1,1.0,0.0,0.0,9,14,10,9,7,2,0.0,0.0,1,1,2,1,0.0,0.0,2,2,4,0.0,1,1.0,3,1,1.0,3,6,1.0,1,0.0,0.0,0.0,0.0,4,4,0.0,0.0,8.0,2,0.0,1,1.0,1.0,4,0.0,1,3,1.0,3,4,1,2,3,1,1,1,2,1,3,6,1,0.0,1.0,5,1,0.0,1,1,0.0,1,1,0.0,4.0,3,1.0,1,1,0.0,2,0.0,1,10,1,1,1,18,1,1.0,1,0.0,0.0,1.0,0.0,0.0,0.0,1.0,0.0,1.0,3.0,0.0,0.0,1.0,1.0,0.0,0.0,0.0,0.0,0.0,0.0,2.0,1.0,1.0,0.0,1.0,0.0,1.0,15.0,1.0,7.0,1.0,8.0,1.0,0.0,1.0,1.0,304.0,1.0,1.0,2.0,2.0,1.0,1.0,0.0,0.0,1.0,0.0,8.0,1.0,2.0,0.0,0.0,2.0,0.0,3.0,1.0,0.0,0.0,1.0,1.0,1.0,1.0,0.0,0.0,1.0,2.0,0.0,1.0,1.0,3.0,1.0,0.0,1.0,0.0,1.0,1.0,1.0,1.0,0.0,1.0,1.0,0.0,0.0,4.0,0.0,1.0,2.0,0.0,1.0,1.0,1.0,2.0,0.0,1.0,0.0,2.0,0.0,1.0,1.0,2.0,0.0,1.0,3.0,0.0,0.0,1.0,1.0,0.0,0.0,0.0,1.0,6.0,0.0,0.0,0.0,1.0,1.0,1.0,0.0,1.0,1.0,6.0,1.0,2.0,0.0,0.0,1.0,1.0,1.0,2.0,2.0,1.0,1.0,1.0,1.0,1.0,1.0,1.0,3.0,1.0,1.0,0.0,1.0,1.0,1.0,1.0,1.0,1.0,1.0,1.0,0.0,1.0,1.0,0.0,1.0,1.0,1.0,1.0,1.0,1.0,1.0,1.0,1.0,1.0,1.0,1.0,1.0,1.0,1.0,1.0,1.0,1.0,1.0,1.0,1.0,1.0,1.0,1.0,1.0,0.0,0.0,0.0,0.0,0.0,0.0,0.0,0.0,0.0,0.0,0.0,0.0,0.0,0.0
2024-05-01,13,236,509,18,135,24,219,151,32,117,325,41,0.0,44,1,14,4,0.0,84,0.0,21,9,34,5,26,22,2,25,7,0.0,2,0.0,4,4,25,1,3,16,8,10,12,2,10,1.0,1.0,15,14,1,2,2,1.0,0.0,0.0,0.0,1,1,3,7,0.0,6,9,0.0,0.0,18,0.0,0.0,3,15,1,11,10,8,14,1,2,6,9,4,2,1,1,2,1,0.0,0.0,0.0,12,14,10,9,7,2,0.0,1.0,1,1,2,2,0.0,1.0,2,2,4,0.0,1,0.0,3,1,1.0,2,9,1.0,1,0.0,0.0,0.0,0.0,4,1,0.0,0.0,6.0,2,0.0,1,1.0,1.0,4,0.0,1,3,1.0,2,3,1,2,4,1,1,1,2,1,3,7,1,0.0,0.0,4,1,0.0,1,1,0.0,1,1,0.0,5.0,2,1.0,1,1,1.0,2,0.0,1,9,2,1,2,18,1,1.0,1,0.0,0.0,1.0,0.0,0.0,0.0,1.0,0.0,0.0,3.0,0.0,0.0,2.0,1.0,0.0,0.0,0.0,0.0,0.0,0.0,2.0,1.0,1.0,1.0,1.0,0.0,1.0,16.0,1.0,6.0,1.0,9.0,1.0,0.0,1.0,0.0,313.0,1.0,1.0,2.0,3.0,1.0,1.0,0.0,0.0,1.0,0.0,8.0,1.0,2.0,0.0,0.0,2.0,0.0,3.0,0.0,0.0,0.0,1.0,1.0,1.0,1.0,0.0,0.0,1.0,2.0,0.0,1.0,1.0,3.0,1.0,0.0,1.0,0.0,1.0,1.0,1.0,0.0,0.0,1.0,1.0,0.0,0.0,4.0,0.0,1.0,2.0,0.0,1.0,1.0,1.0,2.0,0.0,1.0,0.0,2.0,0.0,1.0,1.0,2.0,0.0,2.0,3.0,0.0,0.0,1.0,1.0,0.0,0.0,0.0,1.0,7.0,0.0,0.0,0.0,1.0,1.0,1.0,0.0,1.0,1.0,5.0,1.0,2.0,0.0,0.0,1.0,1.0,1.0,2.0,1.0,1.0,1.0,1.0,1.0,1.0,1.0,1.0,3.0,1.0,3.0,0.0,1.0,1.0,1.0,0.0,1.0,1.0,1.0,1.0,0.0,1.0,1.0,0.0,1.0,1.0,1.0,1.0,1.0,1.0,1.0,1.0,1.0,1.0,1.0,1.0,2.0,1.0,1.0,1.0,1.0,1.0,1.0,1.0,1.0,1.0,2.0,1.0,1.0,1.0,2.0,1.0,1.0,1.0,1.0,1.0,0.0,0.0,0.0,0.0,0.0,0.0,0.0
2024-06-01,13,228,510,17,135,23,209,138,33,115,312,43,0.0,46,1,14,4,1.0,83,0.0,18,8,35,2,27,26,3,26,9,0.0,2,1.0,4,4,27,1,1,18,10,8,11,2,12,1.0,1.0,17,14,1,3,2,1.0,0.0,0.0,0.0,1,1,2,7,0.0,5,10,0.0,0.0,16,0.0,0.0,3,16,1,9,10,9,12,1,2,6,6,4,2,1,1,2,1,1.0,0.0,0.0,12,14,11,9,5,2,0.0,1.0,1,1,2,2,0.0,1.0,2,1,3,0.0,1,0.0,3,1,1.0,3,7,1.0,1,0.0,0.0,0.0,0.0,5,1,1.0,0.0,7.0,2,0.0,1,0.0,0.0,4,0.0,1,3,1.0,2,3,1,2,3,1,1,1,2,1,3,7,1,0.0,1.0,4,1,0.0,1,1,0.0,1,1,0.0,3.0,3,1.0,1,1,1.0,2,0.0,1,9,2,1,2,16,1,1.0,1,0.0,0.0,1.0,0.0,0.0,0.0,1.0,0.0,0.0,3.0,0.0,0.0,2.0,1.0,0.0,0.0,0.0,0.0,0.0,0.0,2.0,1.0,1.0,1.0,1.0,0.0,1.0,16.0,1.0,7.0,1.0,9.0,1.0,0.0,1.0,0.0,314.0,1.0,1.0,2.0,2.0,1.0,1.0,0.0,0.0,1.0,0.0,8.0,1.0,2.0,0.0,0.0,2.0,0.0,3.0,1.0,0.0,0.0,1.0,1.0,1.0,1.0,0.0,0.0,1.0,2.0,1.0,1.0,1.0,3.0,1.0,0.0,1.0,0.0,1.0,1.0,1.0,0.0,0.0,1.0,1.0,0.0,0.0,4.0,0.0,0.0,2.0,0.0,1.0,1.0,1.0,2.0,0.0,1.0,0.0,2.0,0.0,1.0,1.0,2.0,0.0,2.0,2.0,0.0,0.0,1.0,1.0,0.0,0.0,0.0,1.0,8.0,0.0,0.0,0.0,1.0,1.0,1.0,0.0,1.0,1.0,6.0,1.0,2.0,0.0,0.0,1.0,1.0,1.0,2.0,2.0,1.0,1.0,1.0,1.0,1.0,1.0,1.0,4.0,1.0,2.0,0.0,1.0,1.0,1.0,0.0,1.0,1.0,1.0,1.0,0.0,1.0,1.0,0.0,1.0,1.0,1.0,1.0,0.0,1.0,1.0,1.0,1.0,1.0,1.0,1.0,2.0,1.0,1.0,1.0,0.0,1.0,1.0,1.0,1.0,1.0,2.0,1.0,1.0,1.0,2.0,1.0,1.0,1.0,1.0,1.0,1.0,1.0,0.0,0.0,0.0,0.0,0.0
2024-07-01,13,234,507,15,131,25,211,142,29,113,303,45,0.0,47,1,18,4,0.0,80,0.0,17,9,39,3,27,28,3,26,10,0.0,2,0.0,3,4,29,1,2,15,8,6,9,3,11,1.0,1.0,18,16,1,3,3,0.0,0.0,0.0,0.0,1,1,3,7,0.0,5,11,0.0,0.0,15,0.0,0.0,3,16,1,10,12,9,12,1,2,5,6,4,2,1,1,2,1,0.0,0.0,0.0,15,14,12,10,4,2,0.0,0.0,1,1,2,2,0.0,0.0,2,1,3,0.0,1,0.0,4,1,1.0,2,7,0.0,1,0.0,0.0,0.0,0.0,5,1,1.0,0.0,7.0,2,0.0,1,1.0,1.0,4,0.0,1,2,1.0,2,3,1,2,3,1,1,1,2,1,3,6,1,0.0,0.0,4,1,0.0,1,1,0.0,1,1,0.0,3.0,3,1.0,1,1,0.0,2,1.0,1,12,2,1,2,18,1,1.0,1,0.0,0.0,1.0,0.0,0.0,0.0,1.0,0.0,2.0,3.0,0.0,0.0,2.0,1.0,0.0,0.0,0.0,0.0,0.0,0.0,2.0,1.0,1.0,1.0,1.0,0.0,1.0,16.0,1.0,7.0,1.0,9.0,1.0,0.0,1.0,0.0,317.0,1.0,1.0,2.0,2.0,1.0,1.0,0.0,0.0,1.0,0.0,8.0,1.0,2.0,0.0,0.0,1.0,0.0,3.0,1.0,0.0,0.0,0.0,1.0,1.0,1.0,0.0,0.0,1.0,1.0,0.0,1.0,1.0,2.0,1.0,0.0,1.0,0.0,1.0,1.0,1.0,0.0,0.0,1.0,1.0,0.0,0.0,5.0,0.0,0.0,1.0,0.0,1.0,1.0,1.0,2.0,0.0,1.0,0.0,2.0,0.0,1.0,1.0,2.0,0.0,2.0,2.0,0.0,0.0,1.0,1.0,0.0,0.0,0.0,1.0,9.0,0.0,0.0,0.0,1.0,1.0,1.0,0.0,1.0,1.0,6.0,1.0,2.0,0.0,0.0,1.0,1.0,1.0,2.0,2.0,1.0,1.0,1.0,1.0,1.0,1.0,1.0,4.0,1.0,2.0,0.0,1.0,1.0,1.0,0.0,1.0,1.0,1.0,1.0,0.0,1.0,1.0,0.0,1.0,1.0,1.0,1.0,0.0,1.0,1.0,1.0,1.0,1.0,1.0,1.0,2.0,1.0,1.0,0.0,1.0,1.0,1.0,1.0,1.0,1.0,2.0,1.0,1.0,1.0,2.0,1.0,1.0,1.0,1.0,1.0,1.0,1.0,1.0,1.0,1.0,1.0,1.0
